<results><test compile_error="False" memory_error="False" name="BasicTests.makeString" segfault="False" success="True" timed_out="False" /><test compile_error="False" memory_error="False" name="BasicTests.utStrdup" segfault="False" success="True" timed_out="False" /><test compile_error="False" memory_error="False" name="BasicTests.utStrlen" segfault="False" success="True" timed_out="False" /><test compile_error="False" memory_error="False" name="BasicTests.utStrcpy_short_to_long" segfault="False" success="False" timed_out="False" /><test compile_error="False" memory_error="False" name="BasicTests.utStrcpy_long_to_short" segfault="False" success="False" timed_out="False" /><test compile_error="False" memory_error="False" name="BasicTests.utStrcat_fit" segfault="False" success="True" timed_out="False" /><test compile_error="False" memory_error="False" name="BasicTests.utStrcat_no_fit" segfault="False" success="True" timed_out="False" /><test compile_error="False" memory_error="False" name="BasicTests.utStrrealloc" segfault="False" success="True" timed_out="False" /><test compile_error="False" memory_error="False" name="StringTests.test1" segfault="False" success="True" timed_out="False" /><test compile_error="False" memory_error="False" name="StringTests.test2" segfault="False" success="True" timed_out="False" /><test compile_error="False" memory_error="False" name="StringTests.test3" segfault="False" success="True" timed_out="False" /><test compile_error="False" memory_error="False" name="StringTests.test4" segfault="False" success="False" timed_out="False" /></results>